file,class,method,constructor,line,cbo,cboModified,fanin,fanout,wmc,rfc,loc,returnsQty,variablesQty,parametersQty,methodsInvokedQty,methodsInvokedLocalQty,methodsInvokedIndirectLocalQty,loopQty,comparisonsQty,tryCatchQty,parenthesizedExpsQty,stringLiteralsQty,numbersQty,assignmentsQty,mathOperationsQty,maxNestedBlocksQty,anonymousClassesQty,innerClassesQty,lambdasQty,uniqueWordsQty,modifiers,logStatementsQty,hasJavaDoc
/Users/pedrocosta/puc/SoftwareMeasurement/./repos/TheoKanning/openai-java/service/src/main/java/com/theokanning/openai/service/ChatCompletionRequestSerializerAndDeserializer.java,com.theokanning.openai.service.ChatCompletionRequestSerializerAndDeserializer$Serializer,"serialize/3[com.theokanning.openai.completion.chat.ChatCompletionRequest.ChatCompletionRequestFunctionCall,com.theokanning.openai.service.JsonGenerator,com.theokanning.openai.service.SerializerProvider]",false,17,3,0,0,0,5,7,14,0,0,3,7,0,0,0,2,0,0,3,0,0,0,1,0,0,0,7,1,0,false
/Users/pedrocosta/puc/SoftwareMeasurement/./repos/TheoKanning/openai-java/service/src/main/java/com/theokanning/openai/service/ChatFunctionCallMixIn.java,com.theokanning.openai.service.ChatFunctionCallMixIn,getArguments/0,false,9,5,0,0,0,1,0,1,0,0,0,0,0,0,0,0,0,0,0,0,0,0,0,0,0,0,5,1024,0,false
/Users/pedrocosta/puc/SoftwareMeasurement/./repos/TheoKanning/openai-java/service/src/main/java/com/theokanning/openai/service/FunctionExecutor.java,com.theokanning.openai.service.FunctionExecutor,convertExceptionToMessage/1[java.lang.Exception],false,46,2,3,1,2,2,3,4,1,1,1,3,0,0,0,1,0,0,3,0,1,1,0,0,0,0,8,1,0,false
/Users/pedrocosta/puc/SoftwareMeasurement/./repos/TheoKanning/openai-java/service/src/main/java/com/theokanning/openai/service/FunctionExecutor.java,com.theokanning.openai.service.FunctionExecutor,executeAndConvertToMessageHandlingExceptions/1[com.theokanning.openai.completion.chat.ChatFunctionCall],false,37,3,5,3,2,2,3,9,2,0,1,3,2,3,0,0,1,0,0,0,0,0,1,0,0,0,14,1,0,false
/Users/pedrocosta/puc/SoftwareMeasurement/./repos/TheoKanning/openai-java/service/src/main/java/com/theokanning/openai/service/FunctionExecutor.java,com.theokanning.openai.service.FunctionExecutor,"FunctionExecutor/2[java.util.List<com.theokanning.openai.completion.chat.ChatFunction>,com.theokanning.openai.service.ObjectMapper]",true,24,3,2,0,2,1,2,4,0,0,2,2,2,1,0,0,0,0,0,0,0,0,0,0,0,0,8,1,0,false
/Users/pedrocosta/puc/SoftwareMeasurement/./repos/TheoKanning/openai-java/service/src/main/java/com/theokanning/openai/service/FunctionExecutor.java,com.theokanning.openai.service.FunctionExecutor,executeAndConvertToMessageSafely/1[com.theokanning.openai.completion.chat.ChatFunctionCall],false,29,3,2,1,1,2,3,8,2,0,1,3,1,3,0,0,1,0,0,0,0,0,1,0,0,0,12,1,0,false
/Users/pedrocosta/puc/SoftwareMeasurement/./repos/TheoKanning/openai-java/service/src/main/java/com/theokanning/openai/service/FunctionExecutor.java,com.theokanning.openai.service.FunctionExecutor,executeAndConvertToJson/1[com.theokanning.openai.completion.chat.ChatFunctionCall],false,55,5,4,3,1,7,6,22,5,3,1,6,1,1,0,0,1,1,1,0,3,0,3,0,0,0,17,1,0,false
/Users/pedrocosta/puc/SoftwareMeasurement/./repos/TheoKanning/openai-java/service/src/main/java/com/theokanning/openai/service/FunctionExecutor.java,com.theokanning.openai.service.FunctionExecutor,executeAndConvertToMessage/1[com.theokanning.openai.completion.chat.ChatFunctionCall],false,51,4,5,2,3,1,4,3,1,0,1,4,1,2,0,0,0,0,0,0,0,0,0,0,0,0,9,1,0,false
/Users/pedrocosta/puc/SoftwareMeasurement/./repos/TheoKanning/openai-java/service/src/main/java/com/theokanning/openai/service/FunctionExecutor.java,com.theokanning.openai.service.FunctionExecutor,execute/1[com.theokanning.openai.completion.chat.ChatFunctionCall],false,80,5,3,3,0,3,9,12,1,3,1,9,0,0,0,0,1,0,1,0,3,0,1,0,0,0,17,1,0,false
/Users/pedrocosta/puc/SoftwareMeasurement/./repos/TheoKanning/openai-java/service/src/main/java/com/theokanning/openai/service/FunctionExecutor.java,com.theokanning.openai.service.FunctionExecutor,setFunctions/1[java.util.List<com.theokanning.openai.completion.chat.ChatFunction>],false,96,1,2,2,0,1,4,4,0,1,1,4,0,0,0,0,0,0,0,0,0,0,0,0,0,1,4,1,0,false
/Users/pedrocosta/puc/SoftwareMeasurement/./repos/TheoKanning/openai-java/service/src/main/java/com/theokanning/openai/service/FunctionExecutor.java,com.theokanning.openai.service.FunctionExecutor,setObjectMapper/1[com.theokanning.openai.service.ObjectMapper],false,101,1,1,1,0,1,0,3,0,0,1,0,0,0,0,0,0,0,0,0,1,0,0,0,0,0,4,1,0,false
/Users/pedrocosta/puc/SoftwareMeasurement/./repos/TheoKanning/openai-java/service/src/main/java/com/theokanning/openai/service/FunctionExecutor.java,com.theokanning.openai.service.FunctionExecutor,FunctionExecutor/1[java.util.List<com.theokanning.openai.completion.chat.ChatFunction>],true,20,2,5,4,1,1,1,3,0,0,1,1,1,1,0,0,0,0,0,0,0,0,0,0,0,0,5,1,0,false
/Users/pedrocosta/puc/SoftwareMeasurement/./repos/TheoKanning/openai-java/service/src/main/java/com/theokanning/openai/service/FunctionExecutor.java,com.theokanning.openai.service.FunctionExecutor,getFunctions/0,false,92,1,4,4,0,1,1,3,1,0,0,1,0,0,0,0,0,0,0,0,0,0,0,0,0,0,2,1,0,false
/Users/pedrocosta/puc/SoftwareMeasurement/./repos/TheoKanning/openai-java/service/src/test/java/com/theokanning/openai/service/EditTest.java,com.theokanning.openai.service.EditTest,edit/0,false,16,4,1,0,1,1,10,5,0,2,0,10,0,0,0,0,0,0,3,1,2,0,0,0,0,0,20,0,0,false
/Users/pedrocosta/puc/SoftwareMeasurement/./repos/TheoKanning/openai-java/example/src/main/java/example/OpenAiApiFunctionsExample.java,example.OpenAiApiFunctionsExample,main/1[java.lang.String[]],false,41,11,14,0,14,5,36,38,0,13,1,36,0,0,1,1,0,0,17,5,12,4,3,0,0,1,52,9,0,false
/Users/pedrocosta/puc/SoftwareMeasurement/./repos/TheoKanning/openai-java/service/src/main/java/com/theokanning/openai/service/SSEFormatException.java,com.theokanning.openai.service.SSEFormatException,SSEFormatException/1[java.lang.String],true,7,0,1,1,0,1,0,3,0,0,1,0,0,0,0,0,0,0,0,0,0,0,0,0,0,0,5,1,0,false
/Users/pedrocosta/puc/SoftwareMeasurement/./repos/TheoKanning/openai-java/service/src/main/java/com/theokanning/openai/service/ChatFunctionCallArgumentsSerializerAndDeserializer.java,com.theokanning.openai.service.ChatFunctionCallArgumentsSerializerAndDeserializer$Deserializer,Deserializer/0,true,37,0,0,0,0,1,0,2,0,0,0,0,0,0,0,0,0,0,0,0,0,0,0,0,0,0,1,2,0,false
/Users/pedrocosta/puc/SoftwareMeasurement/./repos/TheoKanning/openai-java/service/src/main/java/com/theokanning/openai/service/ChatFunctionCallArgumentsSerializerAndDeserializer.java,com.theokanning.openai.service.ChatFunctionCallArgumentsSerializerAndDeserializer$Deserializer,"deserialize/2[com.theokanning.openai.service.JsonParser,com.theokanning.openai.service.DeserializationContext]",false,41,3,0,0,0,7,5,22,3,2,2,5,0,0,0,4,2,0,0,0,4,0,2,0,0,0,15,1,0,false
/Users/pedrocosta/puc/SoftwareMeasurement/./repos/TheoKanning/openai-java/service/src/main/java/com/theokanning/openai/service/ChatCompletionRequestSerializerAndDeserializer.java,com.theokanning.openai.service.ChatCompletionRequestSerializerAndDeserializer$Deserializer,"deserialize/2[com.theokanning.openai.service.JsonParser,com.theokanning.openai.service.DeserializationContext]",false,33,3,1,0,1,2,4,7,1,0,2,4,0,0,0,0,0,0,0,0,0,0,1,0,0,0,7,1,0,false
/Users/pedrocosta/puc/SoftwareMeasurement/./repos/TheoKanning/openai-java/service/src/test/java/com/theokanning/openai/service/ResponseBodyCallbackTest.java,com.theokanning.openai.service.ResponseBodyCallbackTest,testHappyPath/0,false,19,6,0,0,0,1,11,12,0,5,0,11,0,0,0,0,0,0,4,3,4,0,0,0,0,1,14,0,0,false
/Users/pedrocosta/puc/SoftwareMeasurement/./repos/TheoKanning/openai-java/service/src/test/java/com/theokanning/openai/service/ResponseBodyCallbackTest.java,com.theokanning.openai.service.ResponseBodyCallbackTest,testEmitDone/0,false,36,6,0,0,0,1,11,11,0,5,0,11,0,0,0,0,0,0,3,2,4,0,0,0,0,1,14,0,0,false
/Users/pedrocosta/puc/SoftwareMeasurement/./repos/TheoKanning/openai-java/service/src/test/java/com/theokanning/openai/service/ResponseBodyCallbackTest.java,com.theokanning.openai.service.ResponseBodyCallbackTest,testSseFormatException/0,false,52,7,0,0,0,1,6,8,0,5,0,6,0,0,0,0,0,0,2,0,4,0,0,0,0,1,13,0,0,false
/Users/pedrocosta/puc/SoftwareMeasurement/./repos/TheoKanning/openai-java/service/src/test/java/com/theokanning/openai/service/ResponseBodyCallbackTest.java,com.theokanning.openai.service.ResponseBodyCallbackTest,testServerError/0,false,66,7,0,0,0,1,10,10,0,6,0,10,0,0,0,0,0,0,3,2,5,0,0,0,0,1,15,0,0,false
/Users/pedrocosta/puc/SoftwareMeasurement/./repos/TheoKanning/openai-java/service/src/test/java/com/theokanning/openai/service/ChatCompletionTest.java,com.theokanning.openai.service.ChatCompletionTest,streamChatCompletion/0,false,69,6,3,0,3,2,18,10,0,4,0,18,0,0,0,0,0,0,2,5,4,0,0,0,0,0,21,0,0,false
/Users/pedrocosta/puc/SoftwareMeasurement/./repos/TheoKanning/openai-java/service/src/test/java/com/theokanning/openai/service/ChatCompletionTest.java,com.theokanning.openai.service.ChatCompletionTest,streamChatCompletionWithFunctions/0,false,153,12,15,0,15,1,35,28,0,13,0,35,0,0,0,0,0,0,11,6,12,0,0,0,0,1,42,0,0,false
/Users/pedrocosta/puc/SoftwareMeasurement/./repos/TheoKanning/openai-java/service/src/test/java/com/theokanning/openai/service/ChatCompletionTest.java,com.theokanning.openai.service.ChatCompletionTest,createChatCompletion/0,false,50,6,3,0,3,1,13,8,0,4,0,13,0,0,0,0,0,0,2,3,4,0,0,0,0,0,18,0,0,false
/Users/pedrocosta/puc/SoftwareMeasurement/./repos/TheoKanning/openai-java/service/src/test/java/com/theokanning/openai/service/ChatCompletionTest.java,com.theokanning.openai.service.ChatCompletionTest,createChatCompletionWithFunctions/0,false,91,13,14,0,14,1,35,30,0,13,0,35,0,0,0,0,0,0,13,8,12,0,0,0,0,1,43,0,0,false
/Users/pedrocosta/puc/SoftwareMeasurement/./repos/TheoKanning/openai-java/client/src/main/java/com/theokanning/openai/client/AuthenticationInterceptor.java,com.theokanning.openai.client.AuthenticationInterceptor,AuthenticationInterceptor/1[java.lang.String],true,16,0,0,0,0,1,0,3,0,0,1,0,0,0,0,0,0,0,0,0,1,0,0,0,0,0,3,4,0,false
/Users/pedrocosta/puc/SoftwareMeasurement/./repos/TheoKanning/openai-java/client/src/main/java/com/theokanning/openai/client/AuthenticationInterceptor.java,com.theokanning.openai.client.AuthenticationInterceptor,intercept/1[com.theokanning.openai.client.Chain],false,21,3,0,0,0,1,5,4,1,1,1,5,0,0,0,0,0,0,2,0,1,1,0,0,0,0,10,1,0,false
/Users/pedrocosta/puc/SoftwareMeasurement/./repos/TheoKanning/openai-java/api/src/main/java/com/theokanning/openai/completion/chat/ChatFunction.java,com.theokanning.openai.completion.chat.ChatFunction$Builder,"executor/2[java.lang.Class<T>,java.util.function.Function<T,java.lang.Object>]",false,42,2,0,0,0,1,0,5,1,0,2,0,0,0,0,0,0,0,0,0,2,0,0,0,0,0,4,1,0,false
/Users/pedrocosta/puc/SoftwareMeasurement/./repos/TheoKanning/openai-java/api/src/main/java/com/theokanning/openai/completion/chat/ChatFunction.java,com.theokanning.openai.completion.chat.ChatFunction$Builder,description/1[java.lang.String],false,37,1,4,4,0,1,0,4,1,0,1,0,0,0,0,0,0,0,0,0,1,0,0,0,0,0,2,1,0,false
/Users/pedrocosta/puc/SoftwareMeasurement/./repos/TheoKanning/openai-java/api/src/main/java/com/theokanning/openai/completion/chat/ChatFunction.java,com.theokanning.openai.completion.chat.ChatFunction$Builder,name/1[java.lang.String],false,32,1,4,4,0,1,0,4,1,0,1,0,0,0,0,0,0,0,0,0,1,0,0,0,0,0,2,1,0,false
/Users/pedrocosta/puc/SoftwareMeasurement/./repos/TheoKanning/openai-java/api/src/main/java/com/theokanning/openai/completion/chat/ChatFunction.java,com.theokanning.openai.completion.chat.ChatFunction$Builder,build/0,false,48,1,5,4,1,1,3,7,1,1,0,3,0,0,0,0,0,0,0,0,1,0,0,0,0,0,8,1,0,false
/Users/pedrocosta/puc/SoftwareMeasurement/./repos/TheoKanning/openai-java/service/src/test/java/com/theokanning/openai/service/ModerationTest.java,com.theokanning.openai.service.ModerationTest,createModeration/0,false,16,4,1,0,1,1,9,5,0,2,0,9,0,0,0,0,0,0,2,1,2,0,0,0,0,0,10,0,0,false
/Users/pedrocosta/puc/SoftwareMeasurement/./repos/TheoKanning/openai-java/service/src/test/java/com/theokanning/openai/service/AudioTest.java,com.theokanning.openai.service.AudioTest,createTranscriptionVerbose/0,false,34,4,1,0,1,2,13,9,0,2,0,13,0,0,0,0,0,0,5,2,2,0,0,0,0,0,10,0,0,false
/Users/pedrocosta/puc/SoftwareMeasurement/./repos/TheoKanning/openai-java/service/src/test/java/com/theokanning/openai/service/AudioTest.java,com.theokanning.openai.service.AudioTest,createTranslationVerbose/0,false,59,4,1,0,1,2,13,9,0,2,0,13,0,0,0,0,0,0,5,2,2,0,0,0,0,0,17,0,0,false
/Users/pedrocosta/puc/SoftwareMeasurement/./repos/TheoKanning/openai-java/service/src/test/java/com/theokanning/openai/service/AudioTest.java,com.theokanning.openai.service.AudioTest,createTranslation/0,false,49,3,1,0,1,1,6,5,0,2,0,6,0,0,0,0,0,0,2,0,2,0,0,0,0,0,14,0,0,false
/Users/pedrocosta/puc/SoftwareMeasurement/./repos/TheoKanning/openai-java/service/src/test/java/com/theokanning/openai/service/AudioTest.java,com.theokanning.openai.service.AudioTest,createTranscription/0,false,24,3,1,0,1,1,6,5,0,2,0,6,0,0,0,0,0,0,2,0,2,0,0,0,0,0,7,0,0,false
/Users/pedrocosta/puc/SoftwareMeasurement/./repos/TheoKanning/openai-java/service/src/test/java/com/theokanning/openai/service/FineTuneTest.java,com.theokanning.openai.service.FineTuneTest,createFineTune/0,false,38,5,1,0,1,1,9,6,0,2,0,9,0,0,0,0,0,0,2,2,3,0,0,0,0,0,11,0,0,false
/Users/pedrocosta/puc/SoftwareMeasurement/./repos/TheoKanning/openai-java/service/src/test/java/com/theokanning/openai/service/FineTuneTest.java,com.theokanning.openai.service.FineTuneTest,listFineTuneEvents/0,false,61,4,1,0,1,1,3,4,0,1,0,3,0,0,0,0,0,0,0,1,1,0,0,0,0,0,9,0,0,false
/Users/pedrocosta/puc/SoftwareMeasurement/./repos/TheoKanning/openai-java/service/src/test/java/com/theokanning/openai/service/FineTuneTest.java,com.theokanning.openai.service.FineTuneTest,setup/0,false,22,2,2,0,2,1,4,6,0,1,0,4,0,0,0,0,0,0,3,1,3,0,0,0,0,0,13,8,0,false
/Users/pedrocosta/puc/SoftwareMeasurement/./repos/TheoKanning/openai-java/service/src/test/java/com/theokanning/openai/service/FineTuneTest.java,com.theokanning.openai.service.FineTuneTest,cancelFineTune/0,false,77,4,1,0,1,1,3,4,0,1,0,3,0,0,0,0,0,0,1,1,1,0,0,0,0,0,8,0,0,false
/Users/pedrocosta/puc/SoftwareMeasurement/./repos/TheoKanning/openai-java/service/src/test/java/com/theokanning/openai/service/FineTuneTest.java,com.theokanning.openai.service.FineTuneTest,teardown/0,false,32,2,1,0,1,1,1,3,0,0,0,1,0,0,0,0,0,0,0,0,0,0,0,0,0,0,3,8,0,false
/Users/pedrocosta/puc/SoftwareMeasurement/./repos/TheoKanning/openai-java/service/src/test/java/com/theokanning/openai/service/FineTuneTest.java,com.theokanning.openai.service.FineTuneTest,retrieveFineTune/0,false,69,4,1,0,1,1,3,4,0,1,0,3,0,0,0,0,0,0,1,1,1,0,0,0,0,0,8,0,0,false
/Users/pedrocosta/puc/SoftwareMeasurement/./repos/TheoKanning/openai-java/service/src/test/java/com/theokanning/openai/service/FineTuneTest.java,com.theokanning.openai.service.FineTuneTest,listFineTunes/0,false,53,4,1,0,1,1,6,4,0,2,0,6,0,0,0,0,0,0,0,1,1,0,0,0,0,1,8,0,0,false
/Users/pedrocosta/puc/SoftwareMeasurement/./repos/TheoKanning/openai-java/api/src/main/java/com/theokanning/openai/completion/chat/ChatFunction.java,com.theokanning.openai.completion.chat.ChatFunction,builder/0,false,22,1,5,4,1,1,0,3,1,0,0,0,0,0,0,0,0,0,0,0,0,0,0,0,0,0,2,9,0,false
/Users/pedrocosta/puc/SoftwareMeasurement/./repos/TheoKanning/openai-java/service/src/main/java/com/theokanning/openai/service/ChatFunctionParametersSerializer.java,com.theokanning.openai.service.ChatFunctionParametersSerializer,"serialize/3[java.lang.Class<?>,com.theokanning.openai.service.JsonGenerator,com.theokanning.openai.service.SerializerProvider]",false,20,3,0,0,0,3,3,14,0,1,3,3,0,0,0,1,1,0,1,0,1,0,2,0,0,0,17,1,0,false
/Users/pedrocosta/puc/SoftwareMeasurement/./repos/TheoKanning/openai-java/api/src/test/java/com/theokanning/openai/JsonTest.java,com.theokanning.openai.JsonTest,objectMatchesJson/1[java.lang.Class<?>],false,53,21,0,0,0,1,8,9,0,5,1,8,0,0,0,0,0,0,2,0,5,1,0,0,0,0,20,0,0,false
/Users/pedrocosta/puc/SoftwareMeasurement/./repos/TheoKanning/openai-java/service/src/test/java/com/theokanning/openai/service/EmbeddingTest.java,com.theokanning.openai.service.EmbeddingTest,createEmbeddings/0,false,19,4,1,0,1,1,12,6,0,2,0,12,0,0,0,0,0,0,2,1,2,0,0,0,0,0,15,0,0,false
/Users/pedrocosta/puc/SoftwareMeasurement/./repos/TheoKanning/openai-java/service/src/main/java/com/theokanning/openai/service/ChatFunctionCallArgumentsSerializerAndDeserializer.java,com.theokanning.openai.service.ChatFunctionCallArgumentsSerializerAndDeserializer$Serializer,Serializer/0,true,22,0,0,0,0,1,0,2,0,0,0,0,0,0,0,0,0,0,0,0,0,0,0,0,0,0,1,2,0,false
/Users/pedrocosta/puc/SoftwareMeasurement/./repos/TheoKanning/openai-java/service/src/main/java/com/theokanning/openai/service/ChatFunctionCallArgumentsSerializerAndDeserializer.java,com.theokanning.openai.service.ChatFunctionCallArgumentsSerializerAndDeserializer$Serializer,"serialize/3[com.theokanning.openai.service.JsonNode,com.theokanning.openai.service.JsonGenerator,com.theokanning.openai.service.SerializerProvider]",false,26,4,0,0,0,3,4,8,0,0,3,4,0,0,0,1,0,0,0,0,0,0,1,0,0,0,10,1,0,false
/Users/pedrocosta/puc/SoftwareMeasurement/./repos/TheoKanning/openai-java/service/src/test/java/com/theokanning/openai/service/OpenAiServiceTest.java,com.theokanning.openai.service.OpenAiServiceTest,assertTokenNotNull/0,false,17,2,0,0,0,1,1,4,0,1,0,1,0,0,0,0,0,0,0,0,1,0,0,0,0,1,10,0,0,false
/Users/pedrocosta/puc/SoftwareMeasurement/./repos/TheoKanning/openai-java/service/src/test/java/com/theokanning/openai/service/OpenAiServiceTest.java,com.theokanning.openai.service.OpenAiServiceTest,executeParseUnknownProperties/0,false,47,5,1,0,1,1,7,11,0,4,0,7,1,1,0,0,0,0,4,2,4,0,0,0,0,1,19,0,0,false
/Users/pedrocosta/puc/SoftwareMeasurement/./repos/TheoKanning/openai-java/service/src/test/java/com/theokanning/openai/service/OpenAiServiceTest.java,com.theokanning.openai.service.OpenAiServiceTest,executeNullErrorBodyThrowOriginalError/0,false,62,4,1,0,1,1,4,5,0,3,0,4,0,0,0,0,0,0,0,0,3,0,0,0,0,1,15,0,0,false
/Users/pedrocosta/puc/SoftwareMeasurement/./repos/TheoKanning/openai-java/service/src/test/java/com/theokanning/openai/service/OpenAiServiceTest.java,com.theokanning.openai.service.OpenAiServiceTest,"createException/2[java.lang.String,int]",false,70,3,2,2,0,1,3,5,1,2,2,3,0,0,0,0,0,0,1,0,2,0,0,0,0,0,8,2,0,false
/Users/pedrocosta/puc/SoftwareMeasurement/./repos/TheoKanning/openai-java/service/src/test/java/com/theokanning/openai/service/OpenAiServiceTest.java,com.theokanning.openai.service.OpenAiServiceTest,executeHappyPath/0,false,23,4,2,0,2,1,3,6,0,3,0,3,0,0,0,0,0,0,0,0,3,0,0,0,0,0,10,0,0,false
/Users/pedrocosta/puc/SoftwareMeasurement/./repos/TheoKanning/openai-java/service/src/test/java/com/theokanning/openai/service/OpenAiServiceTest.java,com.theokanning.openai.service.OpenAiServiceTest,executeParseHttpError/0,false,32,5,1,0,1,1,6,11,0,4,0,6,1,1,0,0,0,0,5,2,4,0,0,0,0,1,17,0,0,false
/Users/pedrocosta/puc/SoftwareMeasurement/./repos/TheoKanning/openai-java/api/src/main/java/com/theokanning/openai/completion/chat/ChatCompletionRequest.java,com.theokanning.openai.completion.chat.ChatCompletionRequest$ChatCompletionRequestFunctionCall,of/1[java.lang.String],false,116,1,3,2,1,1,0,3,1,0,1,0,0,0,0,0,0,0,0,0,0,0,0,0,0,0,7,9,0,false
/Users/pedrocosta/puc/SoftwareMeasurement/./repos/TheoKanning/openai-java/service/src/main/java/com/theokanning/openai/service/SSE.java,com.theokanning.openai.service.SSE,SSE/1[java.lang.String],true,11,0,1,1,0,1,0,3,0,0,1,0,0,0,0,0,0,0,0,0,1,0,0,0,0,0,3,1,0,false
/Users/pedrocosta/puc/SoftwareMeasurement/./repos/TheoKanning/openai-java/service/src/main/java/com/theokanning/openai/service/SSE.java,com.theokanning.openai.service.SSE,toBytes/0,false,19,1,0,0,0,1,2,3,1,0,0,2,0,0,0,0,0,0,1,0,0,0,0,0,0,0,2,1,0,false
/Users/pedrocosta/puc/SoftwareMeasurement/./repos/TheoKanning/openai-java/service/src/main/java/com/theokanning/openai/service/SSE.java,com.theokanning.openai.service.SSE,isDone/0,false,23,0,1,1,0,1,1,3,1,0,0,1,0,0,0,0,0,0,0,0,0,0,0,0,0,0,2,1,0,false
/Users/pedrocosta/puc/SoftwareMeasurement/./repos/TheoKanning/openai-java/service/src/main/java/com/theokanning/openai/service/SSE.java,com.theokanning.openai.service.SSE,getData/0,false,15,0,0,0,0,1,0,3,1,0,0,0,0,0,0,0,0,0,0,0,0,0,0,0,0,0,2,1,0,false
/Users/pedrocosta/puc/SoftwareMeasurement/./repos/TheoKanning/openai-java/service/src/main/java/com/theokanning/openai/service/ChatFunctionMixIn.java,com.theokanning.openai.service.ChatFunctionMixIn,getParametersClass/0,false,7,2,0,0,0,1,0,1,0,0,0,0,0,0,0,0,0,0,0,0,0,0,0,0,0,0,4,1024,0,false
/Users/pedrocosta/puc/SoftwareMeasurement/./repos/TheoKanning/openai-java/service/src/test/java/com/theokanning/openai/service/ChatCompletionTest.java,com.theokanning.openai.service.ChatCompletionTest$WeatherResponse,"WeatherResponse/4[java.lang.String,com.theokanning.openai.service.ChatCompletionTest.WeatherUnit,int,java.lang.String]",true,38,1,2,2,0,1,0,6,0,0,4,0,0,0,0,0,0,0,0,0,4,0,0,0,0,0,6,1,0,false
/Users/pedrocosta/puc/SoftwareMeasurement/./repos/TheoKanning/openai-java/client/src/main/java/com/theokanning/openai/client/OpenAiApi.java,com.theokanning.openai.client.OpenAiApi,createCompletion/1[com.theokanning.openai.completion.CompletionRequest],false,47,5,1,1,0,1,0,1,0,0,1,0,0,0,0,0,0,0,1,0,0,0,0,0,0,0,5,0,0,false
/Users/pedrocosta/puc/SoftwareMeasurement/./repos/TheoKanning/openai-java/client/src/main/java/com/theokanning/openai/client/OpenAiApi.java,com.theokanning.openai.client.OpenAiApi,createEmbeddings/1[com.theokanning.openai.embedding.EmbeddingRequest],false,72,5,1,1,0,1,0,1,0,0,1,0,0,0,0,0,0,0,1,0,0,0,0,0,0,0,6,0,0,false
/Users/pedrocosta/puc/SoftwareMeasurement/./repos/TheoKanning/openai-java/client/src/main/java/com/theokanning/openai/client/OpenAiApi.java,com.theokanning.openai.client.OpenAiApi,listFineTuningJobEvents/1[java.lang.String],false,104,5,1,1,0,1,0,1,0,0,1,0,0,0,0,0,0,0,2,0,0,0,0,0,0,0,12,0,0,false
/Users/pedrocosta/puc/SoftwareMeasurement/./repos/TheoKanning/openai-java/client/src/main/java/com/theokanning/openai/client/OpenAiApi.java,com.theokanning.openai.client.OpenAiApi,retrieveFineTune/1[java.lang.String],false,118,4,1,1,0,1,0,1,0,0,1,0,0,0,0,0,0,0,2,0,0,0,0,0,0,0,9,0,0,false
/Users/pedrocosta/puc/SoftwareMeasurement/./repos/TheoKanning/openai-java/client/src/main/java/com/theokanning/openai/client/OpenAiApi.java,com.theokanning.openai.client.OpenAiApi,createCompletionStream/1[com.theokanning.openai.completion.CompletionRequest],false,50,6,1,1,0,1,0,1,0,0,1,0,0,0,0,0,0,0,1,0,0,0,0,0,0,0,6,0,0,false
/Users/pedrocosta/puc/SoftwareMeasurement/./repos/TheoKanning/openai-java/client/src/main/java/com/theokanning/openai/client/OpenAiApi.java,com.theokanning.openai.client.OpenAiApi,createFineTuneCompletion/1[com.theokanning.openai.completion.CompletionRequest],false,111,5,1,1,0,1,0,1,0,0,1,0,0,0,0,0,0,0,1,0,0,0,0,0,0,0,7,0,0,false
/Users/pedrocosta/puc/SoftwareMeasurement/./repos/TheoKanning/openai-java/client/src/main/java/com/theokanning/openai/client/OpenAiApi.java,com.theokanning.openai.client.OpenAiApi,createEdit/1[com.theokanning.openai.edit.EditRequest],false,65,5,1,1,0,1,0,1,0,0,1,0,0,0,0,0,0,0,1,0,0,0,0,0,0,0,5,0,0,false
/Users/pedrocosta/puc/SoftwareMeasurement/./repos/TheoKanning/openai-java/client/src/main/java/com/theokanning/openai/client/OpenAiApi.java,com.theokanning.openai.client.OpenAiApi,createFineTune/1[com.theokanning.openai.finetune.FineTuneRequest],false,107,5,1,1,0,1,0,1,0,0,1,0,0,0,0,0,0,0,1,0,0,0,0,0,0,0,7,0,0,false
/Users/pedrocosta/puc/SoftwareMeasurement/./repos/TheoKanning/openai-java/client/src/main/java/com/theokanning/openai/client/OpenAiApi.java,com.theokanning.openai.client.OpenAiApi,subscription/0,false,159,3,1,1,0,1,0,1,0,0,0,0,0,0,0,0,0,0,1,0,0,0,0,0,0,0,15,0,0,true
/Users/pedrocosta/puc/SoftwareMeasurement/./repos/TheoKanning/openai-java/client/src/main/java/com/theokanning/openai/client/OpenAiApi.java,com.theokanning.openai.client.OpenAiApi,listModels/0,false,41,4,1,1,0,1,0,1,0,0,0,0,0,0,0,0,0,0,1,0,0,0,0,0,0,0,2,0,0,false
/Users/pedrocosta/puc/SoftwareMeasurement/./repos/TheoKanning/openai-java/client/src/main/java/com/theokanning/openai/client/OpenAiApi.java,com.theokanning.openai.client.OpenAiApi,getModel/1[java.lang.String],false,44,4,1,1,0,1,0,1,0,0,1,0,0,0,0,0,0,0,2,0,0,0,0,0,0,0,7,0,0,false
/Users/pedrocosta/puc/SoftwareMeasurement/./repos/TheoKanning/openai-java/client/src/main/java/com/theokanning/openai/client/OpenAiApi.java,com.theokanning.openai.client.OpenAiApi,listFineTuneEvents/1[java.lang.String],false,126,5,1,1,0,1,0,1,0,0,1,0,0,0,0,0,0,0,2,0,0,0,0,0,0,0,10,0,0,false
/Users/pedrocosta/puc/SoftwareMeasurement/./repos/TheoKanning/openai-java/client/src/main/java/com/theokanning/openai/client/OpenAiApi.java,com.theokanning.openai.client.OpenAiApi,createChatCompletionStream/1[com.theokanning.openai.completion.chat.ChatCompletionRequest],false,57,6,1,1,0,1,0,1,0,0,1,0,0,0,0,0,0,0,1,0,0,0,0,0,0,0,8,0,0,false
/Users/pedrocosta/puc/SoftwareMeasurement/./repos/TheoKanning/openai-java/client/src/main/java/com/theokanning/openai/client/OpenAiApi.java,com.theokanning.openai.client.OpenAiApi,getEngines/0,false,151,4,0,0,0,1,0,1,0,0,0,0,0,0,0,0,0,0,1,0,0,0,0,0,0,0,2,0,0,false
/Users/pedrocosta/puc/SoftwareMeasurement/./repos/TheoKanning/openai-java/client/src/main/java/com/theokanning/openai/client/OpenAiApi.java,com.theokanning.openai.client.OpenAiApi,createImage/1[com.theokanning.openai.image.CreateImageRequest],false,133,5,1,1,0,1,0,1,0,0,1,0,0,0,0,0,0,0,1,0,0,0,0,0,0,0,7,0,0,false
/Users/pedrocosta/puc/SoftwareMeasurement/./repos/TheoKanning/openai-java/client/src/main/java/com/theokanning/openai/client/OpenAiApi.java,com.theokanning.openai.client.OpenAiApi,listFineTunes/0,false,114,4,1,1,0,1,0,1,0,0,0,0,0,0,0,0,0,0,1,0,0,0,0,0,0,0,5,0,0,false
/Users/pedrocosta/puc/SoftwareMeasurement/./repos/TheoKanning/openai-java/client/src/main/java/com/theokanning/openai/client/OpenAiApi.java,com.theokanning.openai.client.OpenAiApi,"createEmbeddings/2[java.lang.String,com.theokanning.openai.embedding.EmbeddingRequest]",false,75,6,0,0,0,1,0,1,0,0,2,0,0,0,0,0,0,0,2,0,0,0,0,0,0,0,9,0,0,false
/Users/pedrocosta/puc/SoftwareMeasurement/./repos/TheoKanning/openai-java/client/src/main/java/com/theokanning/openai/client/OpenAiApi.java,com.theokanning.openai.client.OpenAiApi,cancelFineTuningJob/1[java.lang.String],false,101,4,1,1,0,1,0,1,0,0,1,0,0,0,0,0,0,0,2,0,0,0,0,0,0,0,11,0,0,false
/Users/pedrocosta/puc/SoftwareMeasurement/./repos/TheoKanning/openai-java/client/src/main/java/com/theokanning/openai/client/OpenAiApi.java,com.theokanning.openai.client.OpenAiApi,createImageEdit/1[com.theokanning.openai.client.RequestBody],false,136,5,1,1,0,1,0,1,0,0,1,0,0,0,0,0,0,0,1,0,0,0,0,0,0,0,8,0,0,false
/Users/pedrocosta/puc/SoftwareMeasurement/./repos/TheoKanning/openai-java/client/src/main/java/com/theokanning/openai/client/OpenAiApi.java,com.theokanning.openai.client.OpenAiApi,retrieveFile/1[java.lang.String],false,89,4,1,1,0,1,0,1,0,0,1,0,0,0,0,0,0,0,2,0,0,0,0,0,0,0,7,0,0,false
/Users/pedrocosta/puc/SoftwareMeasurement/./repos/TheoKanning/openai-java/client/src/main/java/com/theokanning/openai/client/OpenAiApi.java,com.theokanning.openai.client.OpenAiApi,createImageVariation/1[com.theokanning.openai.client.RequestBody],false,139,5,1,1,0,1,0,1,0,0,1,0,0,0,0,0,0,0,1,0,0,0,0,0,0,0,8,0,0,false
/Users/pedrocosta/puc/SoftwareMeasurement/./repos/TheoKanning/openai-java/client/src/main/java/com/theokanning/openai/client/OpenAiApi.java,com.theokanning.openai.client.OpenAiApi,cancelFineTune/1[java.lang.String],false,122,4,1,1,0,1,0,1,0,0,1,0,0,0,0,0,0,0,2,0,0,0,0,0,0,0,9,0,0,false
/Users/pedrocosta/puc/SoftwareMeasurement/./repos/TheoKanning/openai-java/client/src/main/java/com/theokanning/openai/client/OpenAiApi.java,com.theokanning.openai.client.OpenAiApi,deleteFineTune/1[java.lang.String],false,130,4,1,1,0,1,0,1,0,0,1,0,0,0,0,0,0,0,2,0,0,0,0,0,0,0,9,0,0,false
/Users/pedrocosta/puc/SoftwareMeasurement/./repos/TheoKanning/openai-java/client/src/main/java/com/theokanning/openai/client/OpenAiApi.java,com.theokanning.openai.client.OpenAiApi,createTranscription/1[com.theokanning.openai.client.RequestBody],false,142,5,1,1,0,1,0,1,0,0,1,0,0,0,0,0,0,0,1,0,0,0,0,0,0,0,7,0,0,false
/Users/pedrocosta/puc/SoftwareMeasurement/./repos/TheoKanning/openai-java/client/src/main/java/com/theokanning/openai/client/OpenAiApi.java,com.theokanning.openai.client.OpenAiApi,createChatCompletion/1[com.theokanning.openai.completion.chat.ChatCompletionRequest],false,54,5,1,1,0,1,0,1,0,0,1,0,0,0,0,0,0,0,1,0,0,0,0,0,0,0,7,0,0,false
/Users/pedrocosta/puc/SoftwareMeasurement/./repos/TheoKanning/openai-java/client/src/main/java/com/theokanning/openai/client/OpenAiApi.java,com.theokanning.openai.client.OpenAiApi,retrieveFineTuningJob/1[java.lang.String],false,98,4,1,1,0,1,0,1,0,0,1,0,0,0,0,0,0,0,2,0,0,0,0,0,0,0,11,0,0,false
/Users/pedrocosta/puc/SoftwareMeasurement/./repos/TheoKanning/openai-java/client/src/main/java/com/theokanning/openai/client/OpenAiApi.java,com.theokanning.openai.client.OpenAiApi,createTranslation/1[com.theokanning.openai.client.RequestBody],false,145,5,1,1,0,1,0,1,0,0,1,0,0,0,0,0,0,0,1,0,0,0,0,0,0,0,7,0,0,false
/Users/pedrocosta/puc/SoftwareMeasurement/./repos/TheoKanning/openai-java/client/src/main/java/com/theokanning/openai/client/OpenAiApi.java,com.theokanning.openai.client.OpenAiApi,createModeration/1[com.theokanning.openai.moderation.ModerationRequest],false,148,5,1,1,0,1,0,1,0,0,1,0,0,0,0,0,0,0,1,0,0,0,0,0,0,0,5,0,0,false
/Users/pedrocosta/puc/SoftwareMeasurement/./repos/TheoKanning/openai-java/client/src/main/java/com/theokanning/openai/client/OpenAiApi.java,com.theokanning.openai.client.OpenAiApi,deleteFile/1[java.lang.String],false,86,4,1,1,0,1,0,1,0,0,1,0,0,0,0,0,0,0,2,0,0,0,0,0,0,0,7,0,0,false
/Users/pedrocosta/puc/SoftwareMeasurement/./repos/TheoKanning/openai-java/client/src/main/java/com/theokanning/openai/client/OpenAiApi.java,com.theokanning.openai.client.OpenAiApi,"uploadFile/2[com.theokanning.openai.client.RequestBody,MultipartBody.Part]",false,82,7,1,1,0,1,0,1,0,0,2,0,0,0,0,0,0,0,2,0,0,0,0,0,0,0,6,0,0,false
/Users/pedrocosta/puc/SoftwareMeasurement/./repos/TheoKanning/openai-java/client/src/main/java/com/theokanning/openai/client/OpenAiApi.java,com.theokanning.openai.client.OpenAiApi,createFineTuningJob/1[com.theokanning.openai.fine_tuning.FineTuningJobRequest],false,92,5,1,1,0,1,0,1,0,0,1,0,0,0,0,0,0,0,1,0,0,0,0,0,0,0,9,0,0,false
/Users/pedrocosta/puc/SoftwareMeasurement/./repos/TheoKanning/openai-java/client/src/main/java/com/theokanning/openai/client/OpenAiApi.java,com.theokanning.openai.client.OpenAiApi,listFiles/0,false,79,4,1,1,0,1,0,1,0,0,0,0,0,0,0,0,0,0,1,0,0,0,0,0,0,0,3,0,0,false
/Users/pedrocosta/puc/SoftwareMeasurement/./repos/TheoKanning/openai-java/client/src/main/java/com/theokanning/openai/client/OpenAiApi.java,com.theokanning.openai.client.OpenAiApi,getEngine/1[java.lang.String],false,155,4,0,0,0,1,0,1,0,0,1,0,0,0,0,0,0,0,2,0,0,0,0,0,0,0,7,0,0,false
/Users/pedrocosta/puc/SoftwareMeasurement/./repos/TheoKanning/openai-java/client/src/main/java/com/theokanning/openai/client/OpenAiApi.java,com.theokanning.openai.client.OpenAiApi,"createCompletion/2[java.lang.String,com.theokanning.openai.completion.CompletionRequest]",false,61,6,0,0,0,1,0,1,0,0,2,0,0,0,0,0,0,0,2,0,0,0,0,0,0,0,8,0,0,false
/Users/pedrocosta/puc/SoftwareMeasurement/./repos/TheoKanning/openai-java/client/src/main/java/com/theokanning/openai/client/OpenAiApi.java,com.theokanning.openai.client.OpenAiApi,listFineTuningJobs/0,false,95,4,1,1,0,1,0,1,0,0,0,0,0,0,0,0,0,0,1,0,0,0,0,0,0,0,7,0,0,false
/Users/pedrocosta/puc/SoftwareMeasurement/./repos/TheoKanning/openai-java/client/src/main/java/com/theokanning/openai/client/OpenAiApi.java,com.theokanning.openai.client.OpenAiApi,"billingUsage/2[java.time.LocalDate,java.time.LocalDate]",false,168,4,1,1,0,1,0,1,0,0,2,0,0,0,0,0,0,0,3,0,0,0,0,0,0,0,22,0,0,true
/Users/pedrocosta/puc/SoftwareMeasurement/./repos/TheoKanning/openai-java/client/src/main/java/com/theokanning/openai/client/OpenAiApi.java,com.theokanning.openai.client.OpenAiApi,"createEdit/2[java.lang.String,com.theokanning.openai.edit.EditRequest]",false,68,6,0,0,0,1,0,1,0,0,2,0,0,0,0,0,0,0,2,0,0,0,0,0,0,0,8,0,0,false
/Users/pedrocosta/puc/SoftwareMeasurement/./repos/TheoKanning/openai-java/service/src/test/java/com/theokanning/openai/service/FineTuningTest.java,com.theokanning.openai.service.FineTuningTest,listFineTuningJobs/0,false,57,4,1,0,1,1,6,4,0,2,0,6,0,0,0,0,0,0,0,1,1,0,0,0,0,1,9,0,0,false
/Users/pedrocosta/puc/SoftwareMeasurement/./repos/TheoKanning/openai-java/service/src/test/java/com/theokanning/openai/service/FineTuningTest.java,com.theokanning.openai.service.FineTuningTest,listFineTuningEvents/0,false,65,4,1,0,1,1,3,4,0,1,0,3,0,0,0,0,0,0,0,1,1,0,0,0,0,0,10,0,0,false
/Users/pedrocosta/puc/SoftwareMeasurement/./repos/TheoKanning/openai-java/service/src/test/java/com/theokanning/openai/service/FineTuningTest.java,com.theokanning.openai.service.FineTuningTest,setup/0,false,23,2,2,0,2,1,4,6,0,1,0,4,0,0,0,0,0,0,3,1,3,0,0,0,0,0,14,8,0,false
/Users/pedrocosta/puc/SoftwareMeasurement/./repos/TheoKanning/openai-java/service/src/test/java/com/theokanning/openai/service/FineTuningTest.java,com.theokanning.openai.service.FineTuningTest,cancelFineTuningJob/0,false,81,4,1,0,1,1,3,4,0,1,0,3,0,0,0,0,0,0,1,1,1,0,0,0,0,0,8,0,0,false
/Users/pedrocosta/puc/SoftwareMeasurement/./repos/TheoKanning/openai-java/service/src/test/java/com/theokanning/openai/service/FineTuningTest.java,com.theokanning.openai.service.FineTuningTest,teardown/0,false,33,2,1,0,1,1,1,3,0,0,0,1,0,0,0,0,0,0,0,0,0,0,0,0,0,0,3,8,0,false
/Users/pedrocosta/puc/SoftwareMeasurement/./repos/TheoKanning/openai-java/service/src/test/java/com/theokanning/openai/service/FineTuningTest.java,com.theokanning.openai.service.FineTuningTest,createFineTuningJob/0,false,39,6,1,0,1,1,10,7,0,3,0,10,0,0,0,0,0,0,2,2,4,0,0,0,0,0,13,0,0,false
/Users/pedrocosta/puc/SoftwareMeasurement/./repos/TheoKanning/openai-java/service/src/test/java/com/theokanning/openai/service/FineTuningTest.java,com.theokanning.openai.service.FineTuningTest,retrieveFineTuningJob/0,false,73,4,1,0,1,1,4,4,0,1,0,4,0,0,0,0,0,0,1,1,1,0,0,0,0,0,9,0,0,false
/Users/pedrocosta/puc/SoftwareMeasurement/./repos/TheoKanning/openai-java/service/src/main/java/com/theokanning/openai/service/AuthenticationInterceptor.java,com.theokanning.openai.service.AuthenticationInterceptor,AuthenticationInterceptor/1[java.lang.String],true,17,0,1,1,0,1,1,4,0,0,1,1,0,0,0,0,0,0,1,0,1,0,0,0,0,0,3,0,0,false
/Users/pedrocosta/puc/SoftwareMeasurement/./repos/TheoKanning/openai-java/service/src/main/java/com/theokanning/openai/service/AuthenticationInterceptor.java,com.theokanning.openai.service.AuthenticationInterceptor,intercept/1[com.theokanning.openai.service.Chain],false,23,3,0,0,0,1,5,4,1,1,1,5,0,0,0,0,0,0,2,0,1,1,0,0,0,0,10,1,0,false
/Users/pedrocosta/puc/SoftwareMeasurement/./repos/TheoKanning/openai-java/api/src/main/java/com/theokanning/openai/completion/chat/ChatMessageRole.java,com.theokanning.openai.completion.chat.ChatMessageRole,value/0,false,18,0,11,11,0,1,0,3,1,0,0,0,0,0,0,0,0,0,0,0,0,0,0,0,0,0,1,1,0,false
/Users/pedrocosta/puc/SoftwareMeasurement/./repos/TheoKanning/openai-java/api/src/main/java/com/theokanning/openai/completion/chat/ChatMessageRole.java,com.theokanning.openai.completion.chat.ChatMessageRole,ChatMessageRole/1[java.lang.String],true,14,0,0,0,0,1,0,3,0,0,1,0,0,0,0,0,0,0,0,0,1,0,0,0,0,0,4,0,0,false
/Users/pedrocosta/puc/SoftwareMeasurement/./repos/TheoKanning/openai-java/service/src/main/java/com/theokanning/openai/service/ChatFunctionCallArgumentsSerializerAndDeserializer.java,com.theokanning.openai.service.ChatFunctionCallArgumentsSerializerAndDeserializer,ChatFunctionCallArgumentsSerializerAndDeserializer/0,true,17,0,0,0,0,1,0,2,0,0,0,0,0,0,0,0,0,0,0,0,0,0,0,0,0,0,7,2,0,false
/Users/pedrocosta/puc/SoftwareMeasurement/./repos/TheoKanning/openai-java/example/src/main/java/example/OpenAiApiExample.java,example.OpenAiApiExample,main/1[java.lang.String[]],false,16,6,7,0,7,1,27,18,0,7,1,27,0,0,0,0,0,0,11,5,7,0,0,0,0,0,38,9,0,false
/Users/pedrocosta/puc/SoftwareMeasurement/./repos/TheoKanning/openai-java/service/src/test/java/com/theokanning/openai/service/ImageTest.java,com.theokanning.openai.service.ImageTest,createImageEditWithMask/0,false,68,4,1,0,1,1,14,6,0,2,0,14,0,0,0,0,0,0,4,3,2,0,0,0,0,0,16,0,0,false
/Users/pedrocosta/puc/SoftwareMeasurement/./repos/TheoKanning/openai-java/service/src/test/java/com/theokanning/openai/service/ImageTest.java,com.theokanning.openai.service.ImageTest,createImageBase64/0,false,40,4,1,0,1,1,12,6,0,2,0,12,0,0,0,0,0,0,3,2,2,0,0,0,0,0,10,0,0,false
/Users/pedrocosta/puc/SoftwareMeasurement/./repos/TheoKanning/openai-java/service/src/test/java/com/theokanning/openai/service/ImageTest.java,com.theokanning.openai.service.ImageTest,createImageEdit/0,false,53,4,1,0,1,1,14,6,0,2,0,14,0,0,0,0,0,0,4,3,2,0,0,0,0,0,14,0,0,false
/Users/pedrocosta/puc/SoftwareMeasurement/./repos/TheoKanning/openai-java/service/src/test/java/com/theokanning/openai/service/ImageTest.java,com.theokanning.openai.service.ImageTest,createImageUrl/0,false,26,4,1,0,1,1,13,6,0,2,0,13,0,0,0,0,0,0,3,3,2,0,0,0,0,0,10,0,0,false
/Users/pedrocosta/puc/SoftwareMeasurement/./repos/TheoKanning/openai-java/service/src/test/java/com/theokanning/openai/service/ImageTest.java,com.theokanning.openai.service.ImageTest,createImageVariation/0,false,83,4,1,0,1,1,13,6,0,2,0,13,0,0,0,0,0,0,3,3,2,0,0,0,0,0,10,0,0,false
/Users/pedrocosta/puc/SoftwareMeasurement/./repos/TheoKanning/openai-java/service/src/main/java/com/theokanning/openai/service/ResponseBodyCallback.java,com.theokanning.openai.service.ResponseBodyCallback,"onResponse/2[com.theokanning.openai.service.Call<com.theokanning.openai.service.ResponseBody>,com.theokanning.openai.service.Response<com.theokanning.openai.service.ResponseBody>]",false,38,9,5,0,5,13,18,52,0,8,2,18,1,1,1,4,2,1,3,1,11,1,5,0,0,0,32,1,0,false
/Users/pedrocosta/puc/SoftwareMeasurement/./repos/TheoKanning/openai-java/service/src/main/java/com/theokanning/openai/service/ResponseBodyCallback.java,com.theokanning.openai.service.ResponseBodyCallback,"ResponseBodyCallback/2[com.theokanning.openai.service.FlowableEmitter<com.theokanning.openai.service.SSE>,boolean]",true,32,1,0,0,0,1,0,4,0,0,2,0,0,0,0,0,0,0,0,0,2,0,0,0,0,0,6,1,0,false
/Users/pedrocosta/puc/SoftwareMeasurement/./repos/TheoKanning/openai-java/service/src/main/java/com/theokanning/openai/service/ResponseBodyCallback.java,com.theokanning.openai.service.ResponseBodyCallback,"onFailure/2[com.theokanning.openai.service.Call<com.theokanning.openai.service.ResponseBody>,java.lang.Throwable]",false,97,1,1,1,0,1,1,3,0,0,2,1,0,0,0,0,0,0,0,0,0,0,0,0,0,0,3,1,0,false
/Users/pedrocosta/puc/SoftwareMeasurement/./repos/TheoKanning/openai-java/service/src/test/java/com/theokanning/openai/service/FileTest.java,com.theokanning.openai.service.FileTest,listFiles/0,false,39,4,1,0,1,1,6,4,0,2,0,6,0,0,0,0,0,0,0,1,1,0,0,0,0,1,7,0,0,false
/Users/pedrocosta/puc/SoftwareMeasurement/./repos/TheoKanning/openai-java/service/src/test/java/com/theokanning/openai/service/FileTest.java,com.theokanning.openai.service.FileTest,deleteFile/0,false,55,4,1,0,1,1,3,4,0,1,0,3,0,0,0,0,0,0,0,1,1,0,0,0,0,0,9,0,0,false
/Users/pedrocosta/puc/SoftwareMeasurement/./repos/TheoKanning/openai-java/service/src/test/java/com/theokanning/openai/service/FileTest.java,com.theokanning.openai.service.FileTest,retrieveFile/0,false,47,4,1,0,1,1,3,4,0,1,0,3,0,0,0,0,0,0,0,1,1,0,0,0,0,0,6,0,0,false
/Users/pedrocosta/puc/SoftwareMeasurement/./repos/TheoKanning/openai-java/service/src/test/java/com/theokanning/openai/service/FileTest.java,com.theokanning.openai.service.FileTest,uploadFile/0,false,26,4,1,0,1,1,6,7,0,1,0,6,0,0,0,0,0,0,2,2,2,0,0,0,0,0,7,0,0,false
/Users/pedrocosta/puc/SoftwareMeasurement/./repos/TheoKanning/openai-java/api/src/main/java/com/theokanning/openai/utils/TikTokensUtil.java,com.theokanning.openai.utils.TikTokensUtil,"encode/2[com.theokanning.openai.utils.Encoding,java.lang.String]",false,44,2,3,2,1,2,2,3,1,0,2,2,1,3,0,0,0,0,0,0,0,0,0,0,0,0,14,9,0,true
/Users/pedrocosta/puc/SoftwareMeasurement/./repos/TheoKanning/openai-java/api/src/main/java/com/theokanning/openai/utils/TikTokensUtil.java,com.theokanning.openai.utils.TikTokensUtil,"encode/2[com.theokanning.openai.utils.EncodingType,java.lang.String]",false,88,3,2,0,2,2,3,8,2,2,2,3,2,3,0,0,0,0,0,0,2,0,1,0,0,0,14,9,0,true
/Users/pedrocosta/puc/SoftwareMeasurement/./repos/TheoKanning/openai-java/api/src/main/java/com/theokanning/openai/utils/TikTokensUtil.java,com.theokanning.openai.utils.TikTokensUtil,"tokens/2[com.theokanning.openai.utils.EncodingType,java.lang.String]",false,104,2,1,0,1,1,2,3,1,0,2,2,1,4,0,0,0,0,0,0,0,0,0,0,0,0,13,9,0,true
/Users/pedrocosta/puc/SoftwareMeasurement/./repos/TheoKanning/openai-java/api/src/main/java/com/theokanning/openai/utils/TikTokensUtil.java,com.theokanning.openai.utils.TikTokensUtil,"tokens/2[java.lang.String,java.util.List<com.theokanning.openai.completion.chat.ChatMessage>]",false,171,3,4,1,3,7,7,25,1,4,2,7,3,5,1,0,0,0,4,8,14,0,2,0,0,0,34,9,0,true
/Users/pedrocosta/puc/SoftwareMeasurement/./repos/TheoKanning/openai-java/api/src/main/java/com/theokanning/openai/utils/TikTokensUtil.java,com.theokanning.openai.utils.TikTokensUtil,getModelTypeByName/1[java.lang.String],false,218,1,0,0,0,8,3,14,4,0,1,3,0,0,1,0,0,0,0,0,0,0,2,0,0,0,10,9,0,true
/Users/pedrocosta/puc/SoftwareMeasurement/./repos/TheoKanning/openai-java/api/src/main/java/com/theokanning/openai/utils/TikTokensUtil.java,com.theokanning.openai.utils.TikTokensUtil,"encode/2[java.lang.String,java.lang.String]",false,138,2,3,1,2,3,4,11,3,2,2,4,2,3,0,0,0,0,0,0,2,0,1,0,0,0,18,9,0,true
/Users/pedrocosta/puc/SoftwareMeasurement/./repos/TheoKanning/openai-java/api/src/main/java/com/theokanning/openai/utils/TikTokensUtil.java,com.theokanning.openai.utils.TikTokensUtil,(initializer 1),false,27,0,0,0,0,2,4,9,0,0,0,4,0,0,1,0,0,0,0,0,0,0,1,0,0,0,3,8,0,false
/Users/pedrocosta/puc/SoftwareMeasurement/./repos/TheoKanning/openai-java/api/src/main/java/com/theokanning/openai/utils/TikTokensUtil.java,com.theokanning.openai.utils.TikTokensUtil,getEncoding/1[java.lang.String],false,128,1,3,3,0,1,1,3,1,0,1,1,0,0,0,0,0,0,0,0,0,0,0,0,0,0,8,9,0,true
/Users/pedrocosta/puc/SoftwareMeasurement/./repos/TheoKanning/openai-java/api/src/main/java/com/theokanning/openai/utils/TikTokensUtil.java,com.theokanning.openai.utils.TikTokensUtil,getEncoding/1[com.theokanning.openai.utils.EncodingType],false,77,2,2,2,0,1,1,4,1,1,1,1,0,0,0,0,0,0,0,0,1,0,0,0,0,0,10,9,0,true
/Users/pedrocosta/puc/SoftwareMeasurement/./repos/TheoKanning/openai-java/api/src/main/java/com/theokanning/openai/utils/TikTokensUtil.java,com.theokanning.openai.utils.TikTokensUtil,isBlankChar/1[int],false,268,0,1,1,0,7,2,3,1,0,1,2,0,0,0,6,0,0,0,6,0,0,0,0,0,0,4,9,0,false
/Users/pedrocosta/puc/SoftwareMeasurement/./repos/TheoKanning/openai-java/api/src/main/java/com/theokanning/openai/utils/TikTokensUtil.java,com.theokanning.openai.utils.TikTokensUtil,"decode/2[com.theokanning.openai.utils.EncodingType,java.util.List<java.lang.Integer>]",false,116,3,1,0,1,1,2,4,1,1,2,2,1,1,0,0,0,0,0,0,1,0,0,0,0,0,17,9,0,true
/Users/pedrocosta/puc/SoftwareMeasurement/./repos/TheoKanning/openai-java/api/src/main/java/com/theokanning/openai/utils/TikTokensUtil.java,com.theokanning.openai.utils.TikTokensUtil,"tokens/2[java.lang.String,java.lang.String]",false,157,1,1,0,1,1,2,3,1,0,2,2,1,4,0,0,0,0,0,0,0,0,0,0,0,0,13,9,0,true
/Users/pedrocosta/puc/SoftwareMeasurement/./repos/TheoKanning/openai-java/api/src/main/java/com/theokanning/openai/utils/TikTokensUtil.java,com.theokanning.openai.utils.TikTokensUtil,"decode/2[java.lang.String,java.util.List<java.lang.Integer>]",false,206,2,1,0,1,1,2,4,1,1,2,2,1,1,0,0,0,0,0,0,1,0,0,0,0,0,14,9,0,true
/Users/pedrocosta/puc/SoftwareMeasurement/./repos/TheoKanning/openai-java/api/src/main/java/com/theokanning/openai/utils/TikTokensUtil.java,com.theokanning.openai.utils.TikTokensUtil,isNotBlank/1[java.lang.CharSequence],false,276,1,2,1,1,1,1,3,1,0,1,1,1,3,0,0,0,0,0,0,0,0,0,0,0,0,6,9,0,false
/Users/pedrocosta/puc/SoftwareMeasurement/./repos/TheoKanning/openai-java/api/src/main/java/com/theokanning/openai/utils/TikTokensUtil.java,com.theokanning.openai.utils.TikTokensUtil,"decode/2[com.theokanning.openai.utils.Encoding,java.util.List<java.lang.Integer>]",false,67,1,0,0,0,1,1,3,1,0,2,1,0,0,0,0,0,0,0,0,0,0,0,0,0,0,16,9,0,true
/Users/pedrocosta/puc/SoftwareMeasurement/./repos/TheoKanning/openai-java/api/src/main/java/com/theokanning/openai/utils/TikTokensUtil.java,com.theokanning.openai.utils.TikTokensUtil,isBlankChar/1[char],false,272,1,2,1,1,1,1,3,1,0,1,1,1,1,0,0,0,0,0,0,0,0,0,0,0,0,4,9,0,false
/Users/pedrocosta/puc/SoftwareMeasurement/./repos/TheoKanning/openai-java/api/src/main/java/com/theokanning/openai/utils/TikTokensUtil.java,com.theokanning.openai.utils.TikTokensUtil,isBlank/1[java.lang.CharSequence],false,280,1,5,4,1,5,3,14,3,2,1,3,1,2,1,2,0,1,0,2,2,0,3,0,0,0,10,9,0,false
/Users/pedrocosta/puc/SoftwareMeasurement/./repos/TheoKanning/openai-java/api/src/main/java/com/theokanning/openai/utils/TikTokensUtil.java,com.theokanning.openai.utils.TikTokensUtil,"tokens/2[com.theokanning.openai.utils.Encoding,java.lang.String]",false,55,2,3,2,1,1,2,3,1,0,2,2,1,4,0,0,0,0,0,0,0,0,0,0,0,0,12,9,0,true
/Users/pedrocosta/puc/SoftwareMeasurement/./repos/TheoKanning/openai-java/api/src/main/java/com/theokanning/openai/completion/chat/ChatMessage.java,com.theokanning.openai.completion.chat.ChatMessage,"ChatMessage/3[java.lang.String,java.lang.String,java.lang.String]",true,41,0,2,2,0,1,0,5,0,0,3,0,0,0,0,0,0,0,0,0,3,0,0,0,0,0,5,1,0,false
/Users/pedrocosta/puc/SoftwareMeasurement/./repos/TheoKanning/openai-java/api/src/main/java/com/theokanning/openai/completion/chat/ChatMessage.java,com.theokanning.openai.completion.chat.ChatMessage,"ChatMessage/2[java.lang.String,java.lang.String]",true,36,0,9,9,0,1,0,4,0,0,2,0,0,0,0,0,0,0,0,0,2,0,0,0,0,0,4,1,0,false
/Users/pedrocosta/puc/SoftwareMeasurement/./repos/TheoKanning/openai-java/service/src/main/java/com/theokanning/openai/service/ChatMessageAccumulator.java,com.theokanning.openai.service.ChatMessageAccumulator,isChatMessage/0,false,43,1,1,0,1,1,1,3,1,0,0,1,1,2,0,0,0,0,0,0,0,0,0,0,0,0,14,1,0,true
/Users/pedrocosta/puc/SoftwareMeasurement/./repos/TheoKanning/openai-java/service/src/main/java/com/theokanning/openai/service/ChatMessageAccumulator.java,com.theokanning.openai.service.ChatMessageAccumulator,"ChatMessageAccumulator/2[com.theokanning.openai.completion.chat.ChatMessage,com.theokanning.openai.completion.chat.ChatMessage]",true,24,1,0,0,0,1,0,4,0,0,2,0,0,0,0,0,0,0,0,0,2,0,0,0,0,0,13,1,0,true
/Users/pedrocosta/puc/SoftwareMeasurement/./repos/TheoKanning/openai-java/service/src/main/java/com/theokanning/openai/service/ChatMessageAccumulator.java,com.theokanning.openai.service.ChatMessageAccumulator,getMessageChunk/0,false,52,1,1,1,0,1,0,3,1,0,0,0,0,0,0,0,0,0,0,0,0,0,0,0,0,0,7,1,0,true
/Users/pedrocosta/puc/SoftwareMeasurement/./repos/TheoKanning/openai-java/service/src/main/java/com/theokanning/openai/service/ChatMessageAccumulator.java,com.theokanning.openai.service.ChatMessageAccumulator,isFunctionCall/0,false,34,1,2,1,1,3,3,3,1,0,0,3,1,1,0,2,0,0,0,0,0,0,0,0,0,0,16,1,0,true
/Users/pedrocosta/puc/SoftwareMeasurement/./repos/TheoKanning/openai-java/service/src/main/java/com/theokanning/openai/service/ChatMessageAccumulator.java,com.theokanning.openai.service.ChatMessageAccumulator,getAccumulatedMessage/0,false,61,1,2,2,0,1,0,3,1,0,0,0,0,0,0,0,0,0,0,0,0,0,0,0,0,0,7,1,0,true
/Users/pedrocosta/puc/SoftwareMeasurement/./repos/TheoKanning/openai-java/service/src/main/java/com/theokanning/openai/service/ChatMessageAccumulator.java,com.theokanning.openai.service.ChatMessageAccumulator,getAccumulatedChatFunctionCall/0,false,81,2,1,0,1,1,2,3,1,0,0,2,1,1,0,0,0,0,0,0,0,0,0,0,0,0,16,1,0,true
/Users/pedrocosta/puc/SoftwareMeasurement/./repos/TheoKanning/openai-java/service/src/main/java/com/theokanning/openai/service/ChatMessageAccumulator.java,com.theokanning.openai.service.ChatMessageAccumulator,getChatFunctionCallChunk/0,false,71,2,1,0,1,1,2,3,1,0,0,2,1,1,0,0,0,0,0,0,0,0,0,0,0,0,16,1,0,true
/Users/pedrocosta/puc/SoftwareMeasurement/./repos/TheoKanning/openai-java/example/src/main/java/example/OpenAiApiFunctionsWithStreamExample.java,example.OpenAiApiFunctionsWithStreamExample,main/1[java.lang.String[]],false,15,11,15,0,15,8,43,47,0,15,1,43,0,0,1,2,0,0,17,4,13,3,4,0,0,2,52,9,0,false
/Users/pedrocosta/puc/SoftwareMeasurement/./repos/TheoKanning/openai-java/service/src/main/java/com/theokanning/openai/service/OpenAiService.java,com.theokanning.openai.service.OpenAiService,listModels/0,false,119,3,3,1,2,1,2,3,1,0,0,2,0,0,0,0,0,0,0,0,0,0,0,0,0,0,3,1,0,false
/Users/pedrocosta/puc/SoftwareMeasurement/./repos/TheoKanning/openai-java/service/src/main/java/com/theokanning/openai/service/OpenAiService.java,com.theokanning.openai.service.OpenAiService,createImage/1[com.theokanning.openai.image.CreateImageRequest],false,229,4,5,3,2,1,2,3,1,0,1,2,0,0,0,0,0,0,0,0,0,0,0,0,0,0,7,1,0,false
/Users/pedrocosta/puc/SoftwareMeasurement/./repos/TheoKanning/openai-java/service/src/main/java/com/theokanning/openai/service/OpenAiService.java,com.theokanning.openai.service.OpenAiService,"buildApi/2[java.lang.String,java.time.Duration]",false,408,5,3,0,3,1,4,6,1,3,2,4,3,1,0,0,0,0,0,0,3,0,0,0,0,0,15,9,0,false
/Users/pedrocosta/puc/SoftwareMeasurement/./repos/TheoKanning/openai-java/service/src/main/java/com/theokanning/openai/service/OpenAiService.java,com.theokanning.openai.service.OpenAiService,defaultObjectMapper/0,false,416,7,2,2,0,1,4,10,1,1,0,4,0,0,0,0,0,0,0,0,1,0,0,0,0,0,4,9,0,false
/Users/pedrocosta/puc/SoftwareMeasurement/./repos/TheoKanning/openai-java/service/src/main/java/com/theokanning/openai/service/OpenAiService.java,com.theokanning.openai.service.OpenAiService,deleteFile/1[java.lang.String],false,168,3,5,3,2,1,2,3,1,0,1,2,0,0,0,0,0,0,0,0,0,0,0,0,0,0,7,1,0,false
/Users/pedrocosta/puc/SoftwareMeasurement/./repos/TheoKanning/openai-java/service/src/main/java/com/theokanning/openai/service/OpenAiService.java,com.theokanning.openai.service.OpenAiService,listFineTunes/0,false,206,3,3,1,2,1,2,3,1,0,0,2,0,0,0,0,0,0,0,0,0,0,0,0,0,0,4,1,0,false
/Users/pedrocosta/puc/SoftwareMeasurement/./repos/TheoKanning/openai-java/service/src/main/java/com/theokanning/openai/service/OpenAiService.java,com.theokanning.openai.service.OpenAiService,"OpenAiService/2[com.theokanning.openai.client.OpenAiApi,java.util.concurrent.ExecutorService]",true,114,1,0,0,0,1,0,4,0,0,2,0,0,0,0,0,0,0,0,0,2,0,0,0,0,0,32,1,0,true
/Users/pedrocosta/puc/SoftwareMeasurement/./repos/TheoKanning/openai-java/service/src/main/java/com/theokanning/openai/service/OpenAiService.java,com.theokanning.openai.service.OpenAiService,streamChatCompletion/1[com.theokanning.openai.completion.chat.ChatCompletionRequest],false,141,5,6,4,2,1,3,4,1,0,1,3,1,1,0,0,0,0,0,0,0,0,0,0,0,0,6,1,0,false
/Users/pedrocosta/puc/SoftwareMeasurement/./repos/TheoKanning/openai-java/service/src/main/java/com/theokanning/openai/service/OpenAiService.java,com.theokanning.openai.service.OpenAiService,"OpenAiService/2[java.lang.String,java.time.Duration]",true,83,5,4,1,3,1,6,7,0,3,2,6,3,1,0,0,0,0,0,0,5,0,0,0,0,0,26,1,0,true
/Users/pedrocosta/puc/SoftwareMeasurement/./repos/TheoKanning/openai-java/service/src/main/java/com/theokanning/openai/service/OpenAiService.java,com.theokanning.openai.service.OpenAiService,"stream/2[com.theokanning.openai.service.Call<com.theokanning.openai.service.ResponseBody>,java.lang.Class<T>]",false,393,4,1,0,1,1,4,3,1,1,2,4,1,2,0,0,0,0,0,0,0,0,0,0,0,1,24,9,0,true
/Users/pedrocosta/puc/SoftwareMeasurement/./repos/TheoKanning/openai-java/service/src/main/java/com/theokanning/openai/service/OpenAiService.java,com.theokanning.openai.service.OpenAiService,"createImageEdit/3[com.theokanning.openai.image.CreateImageEditRequest,java.lang.String,java.lang.String]",false,233,3,3,2,1,2,1,8,1,2,3,1,1,1,0,1,0,0,0,0,3,0,1,0,0,0,10,1,0,false
/Users/pedrocosta/puc/SoftwareMeasurement/./repos/TheoKanning/openai-java/service/src/main/java/com/theokanning/openai/service/OpenAiService.java,com.theokanning.openai.service.OpenAiService,"createTranscription/2[com.theokanning.openai.audio.CreateTranscriptionRequest,java.io.File]",false,290,6,3,1,2,5,15,17,1,2,2,15,0,0,0,4,0,0,8,0,2,0,1,0,0,0,11,1,0,false
/Users/pedrocosta/puc/SoftwareMeasurement/./repos/TheoKanning/openai-java/service/src/main/java/com/theokanning/openai/service/OpenAiService.java,com.theokanning.openai.service.OpenAiService,createEdit/1[com.theokanning.openai.edit.EditRequest],false,147,4,3,1,2,1,2,3,1,0,1,2,0,0,0,0,0,0,0,0,0,0,0,0,0,0,6,1,0,false
/Users/pedrocosta/puc/SoftwareMeasurement/./repos/TheoKanning/openai-java/service/src/main/java/com/theokanning/openai/service/OpenAiService.java,com.theokanning.openai.service.OpenAiService,mapStreamToAccumulator/1[com.theokanning.openai.service.Flowable<com.theokanning.openai.completion.chat.ChatCompletionChunk>],false,444,7,5,2,3,11,16,29,2,6,1,16,0,0,0,10,0,4,5,2,5,3,3,0,0,1,20,1,0,false
/Users/pedrocosta/puc/SoftwareMeasurement/./repos/TheoKanning/openai-java/service/src/main/java/com/theokanning/openai/service/OpenAiService.java,com.theokanning.openai.service.OpenAiService,"createImageVariation/2[com.theokanning.openai.image.CreateImageVariationRequest,java.io.File]",false,269,6,3,1,2,2,12,8,1,2,2,12,0,0,0,1,0,0,7,0,2,0,1,0,0,0,12,1,0,false
/Users/pedrocosta/puc/SoftwareMeasurement/./repos/TheoKanning/openai-java/service/src/main/java/com/theokanning/openai/service/OpenAiService.java,com.theokanning.openai.service.OpenAiService,execute/1[com.theokanning.openai.service.Single<T>],false,347,5,1,0,1,5,6,18,1,2,1,6,0,0,0,2,2,0,0,0,2,0,3,0,0,0,25,9,0,true
/Users/pedrocosta/puc/SoftwareMeasurement/./repos/TheoKanning/openai-java/service/src/main/java/com/theokanning/openai/service/OpenAiService.java,com.theokanning.openai.service.OpenAiService,"defaultRetrofit/2[com.theokanning.openai.service.OkHttpClient,com.theokanning.openai.service.ObjectMapper]",false,435,3,2,2,0,1,6,3,1,0,2,6,0,0,0,0,0,0,0,0,0,0,0,0,0,0,15,9,0,false
/Users/pedrocosta/puc/SoftwareMeasurement/./repos/TheoKanning/openai-java/service/src/main/java/com/theokanning/openai/service/OpenAiService.java,com.theokanning.openai.service.OpenAiService,stream/1[com.theokanning.openai.service.Call<com.theokanning.openai.service.ResponseBody>],false,372,4,2,1,1,1,1,3,1,0,1,1,1,1,0,0,0,0,0,0,0,0,0,0,0,0,20,9,0,true
/Users/pedrocosta/puc/SoftwareMeasurement/./repos/TheoKanning/openai-java/service/src/main/java/com/theokanning/openai/service/OpenAiService.java,com.theokanning.openai.service.OpenAiService,OpenAiService/1[com.theokanning.openai.client.OpenAiApi],true,99,1,0,0,0,1,0,4,0,0,1,0,0,0,0,0,0,0,0,0,2,0,0,0,0,0,27,1,0,true
/Users/pedrocosta/puc/SoftwareMeasurement/./repos/TheoKanning/openai-java/service/src/main/java/com/theokanning/openai/service/OpenAiService.java,com.theokanning.openai.service.OpenAiService,"createImageVariation/2[com.theokanning.openai.image.CreateImageVariationRequest,java.lang.String]",false,264,3,2,1,1,1,1,4,1,1,2,1,1,1,0,0,0,0,0,0,1,0,0,0,0,0,8,1,0,false
/Users/pedrocosta/puc/SoftwareMeasurement/./repos/TheoKanning/openai-java/service/src/main/java/com/theokanning/openai/service/OpenAiService.java,com.theokanning.openai.service.OpenAiService,createFineTune/1[com.theokanning.openai.finetune.FineTuneRequest],false,197,4,3,1,2,1,2,3,1,0,1,2,0,0,0,0,0,0,0,0,0,0,0,0,0,0,7,1,0,false
/Users/pedrocosta/puc/SoftwareMeasurement/./repos/TheoKanning/openai-java/service/src/main/java/com/theokanning/openai/service/OpenAiService.java,com.theokanning.openai.service.OpenAiService,listFineTuneEvents/1[java.lang.String],false,221,3,3,1,2,1,2,3,1,0,1,2,0,0,0,0,0,0,0,0,0,0,0,0,0,0,7,1,0,false
/Users/pedrocosta/puc/SoftwareMeasurement/./repos/TheoKanning/openai-java/service/src/main/java/com/theokanning/openai/service/OpenAiService.java,com.theokanning.openai.service.OpenAiService,createChatCompletion/1[com.theokanning.openai.completion.chat.ChatCompletionRequest],false,137,4,5,3,2,1,2,3,1,0,1,2,0,0,0,0,0,0,0,0,0,0,0,0,0,0,7,1,0,false
/Users/pedrocosta/puc/SoftwareMeasurement/./repos/TheoKanning/openai-java/service/src/main/java/com/theokanning/openai/service/OpenAiService.java,com.theokanning.openai.service.OpenAiService,"createTranslation/2[com.theokanning.openai.audio.CreateTranslationRequest,java.io.File]",false,319,6,3,1,2,4,14,14,1,2,2,14,0,0,0,3,0,0,7,0,2,0,1,0,0,0,11,1,0,false
/Users/pedrocosta/puc/SoftwareMeasurement/./repos/TheoKanning/openai-java/service/src/main/java/com/theokanning/openai/service/OpenAiService.java,com.theokanning.openai.service.OpenAiService,streamCompletion/1[com.theokanning.openai.completion.CompletionRequest],false,131,5,3,1,2,1,3,4,1,0,1,3,1,1,0,0,0,0,0,0,0,0,0,0,0,0,5,1,0,false
/Users/pedrocosta/puc/SoftwareMeasurement/./repos/TheoKanning/openai-java/service/src/main/java/com/theokanning/openai/service/OpenAiService.java,com.theokanning.openai.service.OpenAiService,deleteFineTune/1[java.lang.String],false,225,3,2,0,2,1,2,3,1,0,1,2,0,0,0,0,0,0,0,0,0,0,0,0,0,0,8,1,0,false
/Users/pedrocosta/puc/SoftwareMeasurement/./repos/TheoKanning/openai-java/service/src/main/java/com/theokanning/openai/service/OpenAiService.java,com.theokanning.openai.service.OpenAiService,OpenAiService/1[java.lang.String],true,73,0,4,4,0,1,0,3,0,0,1,0,0,0,0,0,0,0,0,0,0,0,0,0,0,0,10,1,0,true
/Users/pedrocosta/puc/SoftwareMeasurement/./repos/TheoKanning/openai-java/service/src/main/java/com/theokanning/openai/service/OpenAiService.java,com.theokanning.openai.service.OpenAiService,listFiles/0,false,155,3,3,1,2,1,2,3,1,0,0,2,0,0,0,0,0,0,0,0,0,0,0,0,0,0,3,1,0,false
/Users/pedrocosta/puc/SoftwareMeasurement/./repos/TheoKanning/openai-java/service/src/main/java/com/theokanning/openai/service/OpenAiService.java,com.theokanning.openai.service.OpenAiService,subscription/0,false,480,3,1,0,1,1,2,4,1,1,0,2,0,0,0,0,0,0,0,0,1,0,0,0,0,0,9,1,0,true
/Users/pedrocosta/puc/SoftwareMeasurement/./repos/TheoKanning/openai-java/service/src/main/java/com/theokanning/openai/service/OpenAiService.java,com.theokanning.openai.service.OpenAiService,createEmbeddings/1[com.theokanning.openai.embedding.EmbeddingRequest],false,151,4,3,1,2,1,2,3,1,0,1,2,0,0,0,0,0,0,0,0,0,0,0,0,0,0,7,1,0,false
/Users/pedrocosta/puc/SoftwareMeasurement/./repos/TheoKanning/openai-java/service/src/main/java/com/theokanning/openai/service/OpenAiService.java,com.theokanning.openai.service.OpenAiService,createCompletion/1[com.theokanning.openai.completion.CompletionRequest],false,127,4,4,2,2,1,2,3,1,0,1,2,0,0,0,0,0,0,0,0,0,0,0,0,0,0,6,1,0,false
/Users/pedrocosta/puc/SoftwareMeasurement/./repos/TheoKanning/openai-java/service/src/main/java/com/theokanning/openai/service/OpenAiService.java,com.theokanning.openai.service.OpenAiService,listFineTuningJobs/0,false,180,3,3,1,2,1,2,3,1,0,0,2,0,0,0,0,0,0,0,0,0,0,0,0,0,0,5,1,0,false
/Users/pedrocosta/puc/SoftwareMeasurement/./repos/TheoKanning/openai-java/service/src/main/java/com/theokanning/openai/service/OpenAiService.java,com.theokanning.openai.service.OpenAiService,createFineTuningJob/1[com.theokanning.openai.fine_tuning.FineTuningJobRequest],false,176,4,3,1,2,1,2,3,1,0,1,2,0,0,0,0,0,0,0,0,0,0,0,0,0,0,7,1,0,false
/Users/pedrocosta/puc/SoftwareMeasurement/./repos/TheoKanning/openai-java/service/src/main/java/com/theokanning/openai/service/OpenAiService.java,com.theokanning.openai.service.OpenAiService,cancelFineTune/1[java.lang.String],false,216,3,3,1,2,1,2,3,1,0,1,2,0,0,0,0,0,0,0,0,0,0,0,0,0,0,7,1,0,false
/Users/pedrocosta/puc/SoftwareMeasurement/./repos/TheoKanning/openai-java/service/src/main/java/com/theokanning/openai/service/OpenAiService.java,com.theokanning.openai.service.OpenAiService,retrieveFineTuningJob/1[java.lang.String],false,184,3,3,1,2,1,2,3,1,0,1,2,0,0,0,0,0,0,0,0,0,0,0,0,0,0,7,1,0,false
/Users/pedrocosta/puc/SoftwareMeasurement/./repos/TheoKanning/openai-java/service/src/main/java/com/theokanning/openai/service/OpenAiService.java,com.theokanning.openai.service.OpenAiService,cancelFineTuningJob/1[java.lang.String],false,188,3,3,1,2,1,2,3,1,0,1,2,0,0,0,0,0,0,0,0,0,0,0,0,0,0,7,1,0,false
/Users/pedrocosta/puc/SoftwareMeasurement/./repos/TheoKanning/openai-java/service/src/main/java/com/theokanning/openai/service/OpenAiService.java,com.theokanning.openai.service.OpenAiService,listFineTuningJobEvents/1[java.lang.String],false,192,3,3,1,2,1,2,3,1,0,1,2,0,0,0,0,0,0,0,0,0,0,0,0,0,0,8,1,0,false
/Users/pedrocosta/puc/SoftwareMeasurement/./repos/TheoKanning/openai-java/service/src/main/java/com/theokanning/openai/service/OpenAiService.java,com.theokanning.openai.service.OpenAiService,getModel/1[java.lang.String],false,123,3,3,1,2,1,2,3,1,0,1,2,0,0,0,0,0,0,0,0,0,0,0,0,0,0,5,1,0,false
/Users/pedrocosta/puc/SoftwareMeasurement/./repos/TheoKanning/openai-java/service/src/main/java/com/theokanning/openai/service/OpenAiService.java,com.theokanning.openai.service.OpenAiService,"defaultClient/2[java.lang.String,java.time.Duration]",false,427,3,3,2,1,1,5,3,1,0,2,5,0,0,0,0,0,0,0,2,0,0,0,0,0,0,10,9,0,false
/Users/pedrocosta/puc/SoftwareMeasurement/./repos/TheoKanning/openai-java/service/src/main/java/com/theokanning/openai/service/OpenAiService.java,com.theokanning.openai.service.OpenAiService,retrieveFineTune/1[java.lang.String],false,211,3,3,1,2,1,2,3,1,0,1,2,0,0,0,0,0,0,0,0,0,0,0,0,0,0,7,1,0,false
/Users/pedrocosta/puc/SoftwareMeasurement/./repos/TheoKanning/openai-java/service/src/main/java/com/theokanning/openai/service/OpenAiService.java,com.theokanning.openai.service.OpenAiService,shutdownExecutor/0,false,403,0,1,1,0,1,2,4,0,0,0,2,0,0,0,0,0,0,1,0,0,0,0,0,0,0,27,1,0,true
/Users/pedrocosta/puc/SoftwareMeasurement/./repos/TheoKanning/openai-java/service/src/main/java/com/theokanning/openai/service/OpenAiService.java,com.theokanning.openai.service.OpenAiService,retrieveFile/1[java.lang.String],false,172,3,3,1,2,1,2,3,1,0,1,2,0,0,0,0,0,0,0,0,0,0,0,0,0,0,5,1,0,false
/Users/pedrocosta/puc/SoftwareMeasurement/./repos/TheoKanning/openai-java/service/src/main/java/com/theokanning/openai/service/OpenAiService.java,com.theokanning.openai.service.OpenAiService,createFineTuneCompletion/1[com.theokanning.openai.completion.CompletionRequest],false,201,4,2,0,2,1,2,3,1,0,1,2,0,0,0,0,0,0,0,0,0,0,0,0,0,0,8,1,0,false
/Users/pedrocosta/puc/SoftwareMeasurement/./repos/TheoKanning/openai-java/service/src/main/java/com/theokanning/openai/service/OpenAiService.java,com.theokanning.openai.service.OpenAiService,createModeration/1[com.theokanning.openai.moderation.ModerationRequest],false,340,4,3,1,2,1,2,3,1,0,1,2,0,0,0,0,0,0,0,0,0,0,0,0,0,0,6,1,0,false
/Users/pedrocosta/puc/SoftwareMeasurement/./repos/TheoKanning/openai-java/service/src/main/java/com/theokanning/openai/service/OpenAiService.java,com.theokanning.openai.service.OpenAiService,"uploadFile/2[java.lang.String,java.lang.String]",false,159,5,5,3,2,1,5,7,1,4,2,5,0,0,0,0,0,0,2,0,4,0,0,0,0,0,9,1,0,false
/Users/pedrocosta/puc/SoftwareMeasurement/./repos/TheoKanning/openai-java/service/src/main/java/com/theokanning/openai/service/OpenAiService.java,com.theokanning.openai.service.OpenAiService,"createTranscription/2[com.theokanning.openai.audio.CreateTranscriptionRequest,java.lang.String]",false,285,3,3,2,1,1,1,4,1,1,2,1,1,1,0,0,0,0,0,0,1,0,0,0,0,0,7,1,0,false
/Users/pedrocosta/puc/SoftwareMeasurement/./repos/TheoKanning/openai-java/service/src/main/java/com/theokanning/openai/service/OpenAiService.java,com.theokanning.openai.service.OpenAiService,"createTranslation/2[com.theokanning.openai.audio.CreateTranslationRequest,java.lang.String]",false,314,3,3,2,1,1,1,4,1,1,2,1,1,1,0,0,0,0,0,0,1,0,0,0,0,0,7,1,0,false
/Users/pedrocosta/puc/SoftwareMeasurement/./repos/TheoKanning/openai-java/service/src/main/java/com/theokanning/openai/service/OpenAiService.java,com.theokanning.openai.service.OpenAiService,"billingUsage/2[java.time.LocalDate,java.time.LocalDate]",false,493,4,1,0,1,1,2,4,1,1,2,2,0,0,0,0,0,0,0,0,1,0,0,0,0,0,19,1,0,true
/Users/pedrocosta/puc/SoftwareMeasurement/./repos/TheoKanning/openai-java/service/src/main/java/com/theokanning/openai/service/OpenAiService.java,com.theokanning.openai.service.OpenAiService,"createImageEdit/3[com.theokanning.openai.image.CreateImageEditRequest,java.io.File,java.io.File]",false,242,6,3,1,2,3,13,12,1,3,3,13,0,0,0,2,0,0,11,0,3,0,1,0,0,0,13,1,0,false
/Users/pedrocosta/puc/SoftwareMeasurement/./repos/TheoKanning/openai-java/service/src/main/java/com/theokanning/openai/service/OpenAiService.java,com.theokanning.openai.service.OpenAiService,"stream/2[com.theokanning.openai.service.Call<com.theokanning.openai.service.ResponseBody>,boolean]",false,382,4,3,3,0,1,2,3,1,1,2,2,0,0,0,0,0,0,0,0,0,0,0,0,0,1,29,9,0,true
/Users/pedrocosta/puc/SoftwareMeasurement/./repos/TheoKanning/openai-java/service/src/main/java/com/theokanning/openai/service/ChatCompletionRequestMixIn.java,com.theokanning.openai.service.ChatCompletionRequestMixIn,getFunctionCall/0,false,9,5,0,0,0,1,0,1,0,0,0,0,0,0,0,0,0,0,0,0,0,0,0,0,0,0,4,1024,0,false
/Users/pedrocosta/puc/SoftwareMeasurement/./repos/TheoKanning/openai-java/example/src/main/java/example/TikTokensExample.java,example.TikTokensExample,main/1[java.lang.String[]],false,12,3,4,0,4,1,5,7,0,3,1,5,0,0,0,0,0,0,3,0,3,0,0,0,0,0,11,9,0,false
/Users/pedrocosta/puc/SoftwareMeasurement/./repos/TheoKanning/openai-java/example/src/main/java/example/OpenAiApiFunctionsExample.java,example.OpenAiApiFunctionsExample$WeatherResponse,"WeatherResponse/4[java.lang.String,example.OpenAiApiFunctionsExample.WeatherUnit,int,java.lang.String]",true,33,1,2,2,0,1,0,6,0,0,4,0,0,0,0,0,0,0,0,0,4,0,0,0,0,0,6,1,0,false
/Users/pedrocosta/puc/SoftwareMeasurement/./repos/TheoKanning/openai-java/api/src/main/java/com/theokanning/openai/OpenAiHttpException.java,com.theokanning.openai.OpenAiHttpException,"OpenAiHttpException/3[com.theokanning.openai.OpenAiError,java.lang.Exception,int]",true,24,1,2,2,0,1,0,7,0,0,3,0,0,0,0,0,0,0,0,0,4,0,0,0,0,0,7,1,0,false
/Users/pedrocosta/puc/SoftwareMeasurement/./repos/TheoKanning/openai-java/service/src/test/java/com/theokanning/openai/service/ModelTest.java,com.theokanning.openai.service.ModelTest,listModels/0,false,18,3,1,0,1,1,3,4,0,1,0,3,0,0,0,0,0,0,0,0,1,0,0,0,0,0,5,0,0,false
/Users/pedrocosta/puc/SoftwareMeasurement/./repos/TheoKanning/openai-java/service/src/test/java/com/theokanning/openai/service/ModelTest.java,com.theokanning.openai.service.ModelTest,getModel/0,false,25,3,1,0,1,1,4,6,0,1,0,4,0,0,0,0,0,0,3,0,1,0,0,0,0,0,6,0,0,false
/Users/pedrocosta/puc/SoftwareMeasurement/./repos/TheoKanning/openai-java/service/src/test/java/com/theokanning/openai/service/CompletionTest.java,com.theokanning.openai.service.CompletionTest,streamCompletion/0,false,40,4,1,0,1,2,19,7,0,2,0,19,0,0,0,0,0,0,3,6,2,0,0,0,0,0,18,0,0,false
/Users/pedrocosta/puc/SoftwareMeasurement/./repos/TheoKanning/openai-java/service/src/test/java/com/theokanning/openai/service/CompletionTest.java,com.theokanning.openai.service.CompletionTest,createCompletion/0,false,22,4,1,0,1,1,17,6,0,2,0,17,0,0,0,0,0,0,3,5,2,0,0,0,0,0,18,0,0,false
/Users/pedrocosta/puc/SoftwareMeasurement/./repos/TheoKanning/openai-java/client/src/main/java/com/theokanning/openai/AuthenticationInterceptor.java,com.theokanning.openai.AuthenticationInterceptor,AuthenticationInterceptor/1[java.lang.String],true,11,0,0,0,0,1,0,3,0,0,1,0,0,0,0,0,0,0,0,0,0,0,0,0,0,0,3,0,0,false
